id_no,organization,org_parent,org_assistance,contact,telephone,email,
1001,"3 ""A"" Bereavement Foundation (3ABF)","3 ""A"" Bereavement Foundation (3ABF)","[""65""]",,,,1514
1002,A Touch of God's Love Outreach,A Touch of God's Love Outreach,"[""56""]",,,,
1395,AAMA George L Sanchez Charter School North,Association for Advancement of Mexican Americans (AAMA),"[""43""]",,,,
1394,AAMA George L Sanchez Charter School South,Association for Advancement of Mexican Americans (AAMA),"[""43""]",,,,
1477,Ability Found,Ability Found,"[""31""]",,,,
1325,AccessHealth Bellville WIC Center,AccessHealth,"[""44""]",,,,
1322,AccessHealth Brookshire Clinic,AccessHealth,"[""31""]",,,,
1324,AccessHealth Brookshire WIC Center,AccessHealth,"[""44""]",,,,
1326,AccessHealth East Fort Bend Clinic,AccessHealth,"[""31""]",,,,
1327,AccessHealth Hempstead WIC Center,AccessHealth,"[""44""]",,,,
1328,AccessHealth Katy WIC Center,AccessHealth,"[""44""]",,,,
1329,AccessHealth Missouri City Clinic,AccessHealth,"[""31""]",,,,
1330,AccessHealth Richmond Clinic,AccessHealth,"[""31""]",,,,
1331,AccessHealth Rosenberg WIC Center,AccessHealth,"[""44""]",,,,
1332,AccessHealth Sealy WIC Center,AccessHealth,"[""44""]",,,,
1335,AccessHealth Second Mile Clinic,AccessHealth,"[""31""]",,,,
1323,AccessHealth Stafford Clinic,AccessHealth,"[""31"", ""32""]",,,,
1333,AccessHealth Stafford WIC Center,AccessHealth,"[""44""]",,,,
1334,AccessHealth Wharton WIC Center,AccessHealth,"[""44""]",,,,
1471,Accessia Health,Accessia Health,"[""36""]",,,,
1492,Acres Homes Multi-Service Center,City of Houston,"[""13"", ""44"", ""44""]",,,,
8888,Administrator,Administrator,,,,,
1003,Adult & Teen Challenge,Adult & Teen Challenge,"[""34""]",,,,
1004,Aid to Victims of Domestic Abuse (AVDA),Aid to Victims of Domestic Abuse (AVDA),"[""42"", ""42"", ""42"", ""54"", ""54"", ""54""]",,,,
1480,Airline Children & Women's Center,Vecino Health Centers,"[""31""]",,,,
1460,Aishel House,Aishel House,"[""37""]",,,,
1005,Alexander Jewish Family Service,Alexander Jewish Family Service,"[""11"", ""12"", ""33"", ""52""]",,,,
1493,Alief Neighborhood Center,City of Houston,"[""44""]",,,,
1006,All Saints (SVdP D4),Society of St Vincent de Paul,"[""11"", ""12"", ""13""]",,,,
1273,Allyson Whitney Foundation,Allyson Whitney Foundation,"[""36""]",,,,
1472,American Kidney Fund,American Kidney Fund,"[""36""]",,,,
1007,American Red Cross,American Red Cross,"[""12"", ""13"", ""14""]",,,,
1008,Anchor Point,Anchor Point,"[""65""]",,,,
1009,Angela House,Angela House,"[""24""]",,,,
1010,Annunciation Maternity Home,Annunciation Maternity Home,"[""24""]",,,,
1486,Antoine Clinic,Harris County Public Health,"[""31"", ""31"", ""33"", ""55""]",,,,
1011,Appleseed Network,Appleseed Network,"[""55""]",,,,
1012,AsSalam Clinic,AsSalam Clinic,"[""31""]",,,,
1013,Association for Advancement of Mexican Americans (AAMA),Association for Advancement of Mexican Americans (AAMA),"[""34"", ""44"", ""51""]",,,,
1014,Avenue 360 Heights,Avenue 360,"[""31"", ""33""]",,,,
1015,Avenue 360 Humble,Avenue 360,"[""31""]",,,,
1016,Avenue 360 Memorial City,Avenue 360,"[""31""]",,,,
1017,Avenue 360 Midtown,Avenue 360,"[""31"", ""32"", ""33""]",,,,
1018,Avenue 360 Omega House Hospice,Avenue 360,"[""31""]",,,,
1019,Avenue 360 Southwest,Avenue 360,"[""31"", ""32"", ""33""]",,,,
1020,Avenue 360 Spring Cypress,Avenue 360,"[""31"", ""33""]",,,,
1021,BakerRipley,BakerRipley,"[""12"", ""65""]",,,,
1379,BakerRipley Angelita Fraga Pre-K,BakerRipley,"[""43""]",,,,
1381,BakerRipley Community School Gulfton,BakerRipley,"[""43""]",,,,
1380,BakerRipley Community School Ripley House,BakerRipley,"[""43""]",,,,
1359,BakerRipley East Aldine,BakerRipley,"[""13"", ""65"", ""65""]",,,,
1456,BakerRipley Gulfton,BakerRipley,"[""55""]",,,,
1360,BakerRipley Gulfton Sharpstown,BakerRipley,"[""13"", ""52"", ""55"", ""65""]",,,,
1363,BakerRipley Head Start Albury Drive,BakerRipley,"[""44""]",,,,
1364,BakerRipley Head Start Christine Smith,BakerRipley,"[""44""]",,,,
1365,BakerRipley Head Start Cook Road,BakerRipley,"[""44""]",,,,
1367,BakerRipley Head Start Fifth Street,BakerRipley,"[""44""]",,,,
1368,BakerRipley Head Start George Family,BakerRipley,"[""44""]",,,,
1369,BakerRipley Head Start Hiram Clarke,BakerRipley,"[""44""]",,,,
1370,BakerRipley Head Start Kenforest,BakerRipley,"[""44""]",,,,
1371,BakerRipley Head Start Kingdom Builder,BakerRipley,"[""44""]",,,,
1372,BakerRipley Head Start Klein,BakerRipley,"[""44""]",,,,
1373,BakerRipley Head Start Missouri City,BakerRipley,"[""44""]",,,,
1374,BakerRipley Head Start Neff,BakerRipley,"[""44""]",,,,
1366,BakerRipley Head Start Pitner Road,BakerRipley,"[""44""]",,,,
1375,BakerRipley Head Start Regency,BakerRipley,"[""44""]",,,,
1376,BakerRipley Head Start Sharpview,BakerRipley,"[""44""]",,,,
1377,BakerRipley Head Start Spring Branch,BakerRipley,"[""44""]",,,,
1378,BakerRipley Head Start Stafford,BakerRipley,"[""44""]",,,,
1361,BakerRipley Pasadena,BakerRipley,"[""13"", ""35"", ""35"", ""65"", ""65""]",,,,
1362,BakerRipley Ripley House,BakerRipley,"[""13"", ""55"", ""65"", ""65""]",,,,
1022,Bammel Church of Christ,Bammel Church of Christ,"[""13"", ""14""]",,,,
1399,BARC Animal Shelter & Adoptions,BARC Animal Shelter & Adoptions,"[""63""]",,,,
1411,Bay Area Homeless Services,Bay Area Homeless Services,"[""21""]",,,,
1023,Bay Area Turning Point,Bay Area Turning Point,"[""41""]",,,,
1024,Baylor Teen Health Clinic,Baylor Teen Health Clinic,"[""31""]",,,,
1483,Baytown Clinic,Harris County Public Health,"[""32""]",,,,
1448,Be An Angel,Be An Angel,"[""31"", ""64"", ""65""]",,,,
1025,Bee Busy Wellness Center,Bee Busy Wellness Center,"[""31"", ""32"", ""33""]",,,,
1026,Bethel Heavenly Hands,Bethel Heavenly Hands,"[""13"", ""61""]",,,,
1316,Bezos Academy Denver Harbor,Bezos Academy,"[""44""]",,,,
1317,Bezos Academy Magnolia Park,Bezos Academy,"[""44""]",,,,
1318,Bezos Academy North Shore,Bezos Academy,"[""44""]",,,,
1319,Bezos Academy Northside,Bezos Academy,"[""44""]",,,,
1320,Bezos Academy South Side,Bezos Academy,"[""44""]",,,,
1321,Bezos Academy Third Ward,Bezos Academy,"[""44""]",,,,
1027,Blessed Beginnings Life Center,Blessed Beginnings Life Center,"[""44""]",,,,
1028,Blessed Juan Diego,Blessed Juan Diego,"[""13""]",,,,
1029,Blessed Sacrament (SVdP D5),Society of St Vincent de Paul,"[""13""]",,,,
1445,Bo's Place,Bo's Place,"[""65""]",,,,
1030,Boat People SOS,Boat People SOS,"[""55""]",,,,
1031,Braes Interfaith Ministries,Braes Interfaith Ministries,"[""12"", ""13"", ""14"", ""64""]",,,,
1032,Bread of Life Inc.,Bread of Life Inc.,"[""13"", ""35""]",,,,
1033,Brentwood Baptist Church,Brentwood Baptist Church,"[""13""]",,,,
1034,Brentwood Community Foundation,Brentwood Community Foundation,"[""11"", ""12"", ""37""]",,,,
1508,Camp Shield,Camp Shield,"[""56"", ""56""]",,,,
1408,Campus of Hope,Campus of Hope,"[""21""]",,,,
1473,CancerCare,CancerCare,"[""36""]",,,,
1341,Casa El Buen Samaritano Houston,Casa El Buen Samaritano Houston,"[""31""]",,,,
1342,Casa El Buen Samaritano Missouri City,Casa El Buen Samaritano Missouri City,"[""31""]",,,,
1035,Casa Juan Diego,Casa Juan Diego,"[""13"", ""31""]",,,,
1036,Catholic Charities,Catholic Charities,"[""11"", ""11"", ""12"", ""13"", ""14"", ""54"", ""55"", ""56""]",,,,
1037,Catholic Therapists,Catholic Therapists,,,,,
1038,Central American Resource Center (CARECEN),Central American Resource Center (CARECEN),"[""55""]",,,,
1503,Children's Health Insurance Program (CHIP),Children's Health Insurance Program (CHIP),"[""44""]",,,,
1039,Chinese Community Service Center,Chinese Community Service Center,"[""12"", ""35"", ""51"", ""61""]",,,,
1040,Christ Clinic,Christ Clinic,"[""31""]",,,,
1041,Christ the Redeemer,Christ the Redeemer,"[""11"", ""12"", ""13"", ""14"", ""53"", ""62""]",,,,
1042,Christian Community Service Center (Central),Christian Community Service Center (CCSC),"[""11"", ""12"", ""13"", ""14"", ""35"", ""36"", ""52"", ""52"", ""52""]",,,,
1043,Christian Community Service Center (SW),Christian Community Service Center (CCSC),"[""11"", ""12"", ""13"", ""36""]",,,,
1044,Christian Helping Hands,Christian Helping Hands,"[""13"", ""53""]",,,,
1045,Christus Healthy Living Mobile Clinics,Christus Foundation for HealthCare,"[""31""]",,,,
1046,Christus Learning Center,Christus Foundation for HealthCare,"[""51""]",,,,
1047,Christus Our Daily Bread,Christus Foundation for HealthCare,"[""22""]",,,,
1048,Christus Point of Light Clinic,Christus Foundation for HealthCare,"[""31""]",,,,
1049,Christus School Clinics - Assumption Catholic School,Christus Foundation for HealthCare,"[""31""]",,,,
1346,Christus School Clinics - Holy Ghost School,Christus Foundation for HealthCare,"[""31""]",,,,
1347,Christus School Clinics - Our Lady of Fatima GP,Christus Foundation for HealthCare,"[""31""]",,,,
1348,Christus School Clinics - Our Lady of Fatima TC,Christus Foundation for HealthCare,"[""31""]",,,,
1349,Christus School Clinics - Our Lady of Guadalupe School,Christus Foundation for HealthCare,"[""31""]",,,,
1350,Christus School Clinics - Resurrection School,Christus Foundation for HealthCare,"[""31""]",,,,
1351,Christus School Clinics - St Augustine School,Christus Foundation for HealthCare,"[""31""]",,,,
1352,Christus School Clinics - St Christopher,Christus Foundation for HealthCare,"[""31""]",,,,
1353,Christus School Clinics - St Mary of the Purification,Christus Foundation for HealthCare,"[""31""]",,,,
1050,Christus St Mary's Clinic,Christus Foundation for HealthCare,"[""31""]",,,,
1051,Church Without Walls,Church Without Walls,"[""13""]",,,,
1513,Churches United in Caring,Churches United in Caring,"[""11"", ""12"", ""13"", ""14"", ""53""]",,,,
1052,City of Houston W.A.T.E.R. Fund,City of Houston,"[""12""]",,,,
1053,City Wide Club,City Wide Club,"[""11"", ""12"", ""53"", ""64""]",,,,
1054,Coastal Health & Wellness - Galveston,Coastal Health & Wellness,"[""31"", ""32"", ""33""]",,,,
1055,Coastal Health & Wellness - Texas City,Coastal Health & Wellness,"[""31"", ""32"", ""33""]",,,,
1056,Collaborative for Children,Collaborative for Children,"[""65""]",,,,
1383,Community Assistance Center,Community Assistance Center,"[""11"", ""12"", ""13"", ""14""]",,,,
1057,Community Family Center,Community Family Center,"[""11"", ""12"", ""13"", ""35"", ""44"", ""51""]",,,,
1415,Compassion United,Compassion United,"[""13"", ""22""]",,,,
1441,Coordinated Access Intake,Coordinated Access Intake,"[""24""]",,,,
1260,Cornerstone Gardens (RHF),Cornerstone Gardens (RHF),"[""24""]",,,,
1058,Covenant House Texas,Covenant House Texas,"[""22""]",,,,
1259,Creekbend Gardens (RHF),Creekbend Gardens (RHF),"[""24""]",,,,
1059,Cy-Fair Helping Hands,Cy-Fair Helping Hands,"[""13"", ""22"", ""24"", ""64""]",,,,
1060,Cypress Assistance Ministries,Cypress Assistance Ministries,"[""11"", ""12"", ""13"", ""14"", ""51"", ""52"", ""64""]",,,,
1264,Dan's House of Hope,Dan's House of Hope,"[""37""]",,,,
1061,Daya,Daya,"[""42""]",,,,
1062,Deer Park First Baptist,Deer Park First Baptist,"[""11"", ""12"", ""13""]",,,,
1063,Deer Park UMC,Deer Park UMC,"[""11"", ""12"", ""13""]",,,,
1064,Denver Harbor Family Health Center,Vecino Health Centers,"[""31"", ""32"", ""33"", ""35""]",,,,
1494,Denver Harbor Multi-Service Center,City of Houston,"[""44"", ""61""]",,,,
1465,Dollar For,Dollar For,"[""36""]",,,,
1065,Dress For Success,Dress For Success,"[""14""]",,,,
1312,"East End Social Services, Inc.","East End Social Services, Inc.","[""13""]",,,,
1066,East Ft Bend Human Needs,East Ft Bend Human Needs,"[""11"", ""12"", ""13"", ""64""]",,,,
1067,East Spring Branch Food Pantry,East Spring Branch Food Pantry,"[""13""]",,,,
1356,ECDC Houston Multicultural Center,ECDC Houston Multicultural Center,"[""11"", ""51"", ""55""]",,,,
1068,El Centro de Corazón - Eastwood,El Centro de Corazón,"[""31"", ""32"", ""33""]",,,,
1345,El Centro de Corazón - John S Dunn,El Centro de Corazón,"[""31"", ""32"", ""33""]",,,,
1344,El Centro de Corazón - Magnolia,El Centro de Corazón,"[""31"", ""32"", ""33""]",,,,
1398,Emancipet Clinics,Emancipet Clinics,"[""63"", ""63"", ""63""]",,,,
1069,Emergency Aid Coalition,Emergency Aid Coalition,"[""13"", ""14""]",,,,
1070,Epiphany Community Health Outreach Services ECHOS (SW Harris County),Epiphany Community Health Outreach Services ECHOS (SW Harris County),"[""11"", ""12"", ""13"", ""35""]",,,,
1071,Epiphany of the Lord (SVdP D4) Katy,Society of St Vincent de Paul,"[""11"", ""12"", ""13""]",,,,
1072,Fair Haven Methodist Church,Fair Haven Methodist Church,"[""13""]",,,,
1443,Family Promise of Clear Creek,Family Promise,"[""11"", ""21"", ""22"", ""65""]",,,,
1444,Family Promise of Lake Houston,Family Promise,"[""21"", ""22""]",,,,
1412,Family Promise of Montgomery County,Family Promise,"[""21"", ""51"", ""53""]",,,,
1475,Family Reach,Family Reach,"[""36""]",,,,
1073,Family Time Crisis & Counseling Center,Family Time Crisis & Counseling Center,"[""41""]",,,,
1074,FIEL For Families and Their Education,FIEL For Families and Their Education,"[""55""]",,,,
1495,Fifth Ward Multi-Center,City of Houston,"[""13"", ""44""]",,,,
1075,First Baptist (Long Point Baptist),First Baptist (Long Point Baptist),,,,,
1076,First Baptist Highlands Magnolia,First Baptist Highlands Magnolia,"[""13""]",,,,
1077,First Baptist North Houston,First Baptist North Houston,"[""13""]",,,,
1078,First Presbyterian Church,First Presbyterian Church,"[""11"", ""12""]",,,,
1386,Focusing Families,Focusing Families,"[""41"", ""41""]",,,,
1384,Fort Bend County Social Services,Fort Bend County Social Services,"[""11"", ""11"", ""12"", ""12"", ""13"", ""13"", ""36"", ""36"", ""65""]",,,,
1442,Fort Bend Family Promise,Family Promise,"[""11"", ""11"", ""13"", ""13"", ""14"", ""14"", ""22"", ""22"", ""53"", ""53""]",,,,
1079,Fort Bend Women's Center,Fort Bend Women's Center,"[""41""]",,,,
1393,Freewheels Houston,Freewheels Houston,"[""65""]",,,,
1310,God's Garage,God's Garage,"[""65""]",,,,
1080,God's Lovely Butterflies Maternity Home,God's Lovely Butterflies Maternity Home,"[""44""]",,,,
1469,Good Days,Good Days,"[""36""]",,,,
1081,Good Shepherd Mission,Good Shepherd Mission,"[""13"", ""14"", ""22"", ""24""]",,,,
1343,Goodwill Industries,Goodwill Industries,"[""52""]",,,,
1509,Grace After Fire,Grace After Fire,"[""56""]",,,,
1082,Gratia Plena,Gratia Plena,"[""33""]",,,,
1311,Greater Mt Zion Missionary Baptist Church,Greater Mt Zion Missionary Baptist Church,"[""13""]",,,,
8887,Guest,Guest,,,,,
1083,Gulf Coast Community Services,Gulf Coast Community Services,"[""11"", ""12"", ""13"", ""44"", ""51"", ""53""]",,,,
1266,Halo House Foundation,Halo House Foundation,"[""37""]",,,,
1084,"Harmony House, Inc.","Harmony House, Inc.","[""24""]",,,,
1419,Harris Center - NeuroPsychiatric Center,The Harris Center for Mental Health & IDD,"[""33"", ""34""]",,,,
1420,Harris Center - Northeast Community Service Center,The Harris Center for Mental Health & IDD,"[""33"", ""34""]",,,,
1421,Harris Center - Northwest Community Service Center,The Harris Center for Mental Health & IDD,"[""33"", ""34""]",,,,
1422,"Harris Center - Respite, Rehabilitation & Re-Entry Center",The Harris Center for Mental Health & IDD,"[""33""]",,,,
1423,Harris Center - Southeast Community Service Center,The Harris Center for Mental Health & IDD,"[""31"", ""33"", ""34""]",,,,
1418,Harris Center - Southwest Community Service Center,The Harris Center for Mental Health & IDD,"[""31"", ""33"", ""34""]",,,,
1085,Harris County Area Agency on Aging,Harris County,"[""61""]",,,,
1086,Harris County Domestic Relations Office,Harris County,"[""42""]",,,,
1268,Harris County Eastgate Cemetery,Harris County,"[""65""]",,,,
1269,Harris County Housing & Community Development,Harris County,"[""62""]",Jasmine Robinson,832-927-4799,Jasmine.Robinson@harriscountytx.gov,
1087,Harris County Housing Authority,Harris County,"[""24""]",,,,
1088,Harris County Oats Cemetery,Harris County,"[""65""]",,,,
1417,Harris County Resources for Children and Adults,Harris County,"[""21""]",,,,
1089,Harris County Social Services,Harris County,"[""11""]",,,,
1506,Harris County Veterans Services Department,Harris County,"[""56""]",,,,
1090,Harris Health,Harris Health,"[""31""]",,,,
1285,Harris Health - Acres Home,Harris Health,"[""31""]",,,,
1286,Harris Health - Aldine,Harris Health,"[""31"", ""32""]",,,,
1287,Harris Health - Baytown,Harris Health,"[""31""]",,,,
1283,Harris Health - Ben Taub Hospital,Harris Health,"[""31""]",,,,
1295,Harris Health - C. E. Odom,Harris Health,"[""31""]",,,,
1288,Harris Health - Casa de Amigos,Harris Health,"[""31""]",,,,
1289,Harris Health - Cypress,Harris Health,"[""31"", ""33""]",,,,
1290,Harris Health - Danny Jackson,Harris Health,"[""31""]",,,,
1304,Harris Health - Dental Center,Harris Health,"[""32""]",,,,
1291,Harris Health - El Franco Lee,Harris Health,"[""31""]",,,,
1292,Harris Health - Gulfgate,Harris Health,"[""31"", ""32""]",,,,
1284,Harris Health - LBJ Hospital,Harris Health,"[""31""]",,,,
1293,Harris Health - Martin Luther King Jr,Harris Health,"[""31""]",,,,
1301,Harris Health - Monroe,Harris Health,"[""31""]",,,,
1294,Harris Health - Northwest,Harris Health,"[""31""]",,,,
1305,Harris Health - Outpatient Center,Harris Health,"[""31""]",,,,
1296,Harris Health - Pasadena,Harris Health,"[""31"", ""33""]",,,,
1307,Harris Health - Quentin Mease,Harris Health,"[""31""]",,,,
1302,Harris Health - Sareen,Harris Health,"[""31""]",,,,
1297,Harris Health - Settegast,Harris Health,"[""31""]",,,,
1306,Harris Health - Smith Clinic,Harris Health,"[""31""]",,,,
1298,Harris Health - Squatty Lyons,Harris Health,"[""31""]",,,,
1299,Harris Health - Strawberry,Harris Health,"[""31"", ""32""]",,,,
1303,Harris Health - Sunset Heights,Harris Health,"[""31""]",,,,
1309,Harris Health - Urgent Care,Harris Health,"[""31""]",,,,
1300,Harris Health - Vallbona,Harris Health,"[""31""]",,,,
1308,Harris Health- Rehabilitation Services,Harris Health,"[""31""]",,,,
1336,Healthcare for the Homeless Caroline Street Clinic,Healthcare For The Homeless,"[""31"", ""32"", ""33""]",,,,
1091,Healthcare for the Homeless Cathedral Clinic at The Beacon,Healthcare For The Homeless,"[""31"", ""32"", ""33""]",,,,
1337,Healthcare for the Homeless Cathedral Clinic at The Beacon,Healthcare For The Homeless,"[""31"", ""32"", ""33""]",,,,
1338,Healthcare for the Homeless Reed Family Clinic,Healthcare For The Homeless,"[""31"", ""32"", ""33""]",,,,
1468,Healthwell Foundation,Healthwell Foundation,"[""36""]",,,,
1314,Heights Interfaith Ministries,Heights Interfaith Ministries,"[""13""]",,,,
1496,Hiram Clarke Multi-Service Center,City of Houston,"[""35""]",,,,
1092,Holy Family (SVdP D2) Missouri City,Society of St Vincent de Paul,"[""11"", ""12"", ""13""]",,,,
1093,Holy Family (SVdP D7) Galveston,Society of St Vincent de Paul,"[""11"", ""12""]",,,,
1094,Holy Name,Holy Name,"[""13""]",,,,
1095,Holy Rosary (SVdP D5),Society of St Vincent de Paul,"[""11"", ""12""]",,,,
1096,Holy Rosary (SVdP) Rosenberg,Society of St Vincent de Paul,"[""11"", ""12"", ""13"", ""14""]",,,,
1396,Hope Center Houston,Hope Center Houston,"[""22"", ""32""]",,,,
1097,Hope Clinic,Hope Clinic,"[""31"", ""32"", ""33""]",,,,
1510,Hope for the Warriors,Hope for the Warriors,"[""56""]",,,,
1461,Hospitality Apartments,Hospitality Apartments,"[""37""]",,,,
1098,House of Amos,House of Amos,"[""11"", ""12"", ""13"", ""51""]",,,,
1385,House of Help,House of Help,"[""13""]",,,,
1490,Housing and Community Development,City of Houston,"[""65""]",,,,
1099,Houston Area Women's Center,Houston Area Women's Center,"[""41""]",,,,
1505,Houston Bar Association Veterans Legal Initiative,Houston Bar Association Veterans Legal Initiative,"[""56""]",,,,
1446,Houston Children's Charity,Houston Children's Charity,"[""14"", ""36"", ""53"", ""64"", ""65"", ""65""]",,,,
1100,Houston Coalition for Life,Houston Coalition for Life,"[""44""]",,,,
1463,Houston Eviction Advocacy Center,Houston Eviction Advocacy Center,"[""54""]",,,,
1484,Houston Eye Associates Foundation,Houston Eye Associates Foundation,"[""32""]",,,,
1101,Houston First Baptist Church,Houston First Baptist Church,"[""11"", ""12"", ""13"", ""13"", ""14"", ""65""]",Esmeralda Trejo,713-554-8801,esmeralda.trejo@houstonsfirst.org,
1102,Houston Food Bank,Houston Food Bank,"[""13"", ""35""]",,,,
1457,Houston Hope Lodge,Houston Hope Lodge,"[""37""]",,,,
1400,Houston Humane Society,Houston Humane Society,"[""63""]",,,,
1489,Houston MetroLift,Houston MetroLift,"[""53""]",,,,
1103,Houston Recovery Center,Houston Recovery Center,"[""34""]",,,,
1462,Houston ToolBank,Houston ToolBank,"[""65""]",,,,
1454,Houston Volunteer Lawyers,Houston Volunteer Lawyers,"[""54""]",,,,
1105,Humble Area Assistance Ministries,Humble Area Assistance Ministries,"[""11"", ""12"", ""13"", ""51"", ""52"", ""61"", ""64""]",,,,
1481,Humble Clinic,Harris County Public Health,"[""31"", ""32"", ""33"", ""55""]",,,,
1276,ICNA Relief,ICNA Relief,"[""13""]",,,,
1106,Immaculate Conception,Immaculate Conception,"[""13""]",,,,
1107,Immaculate Conception Sealy,Immaculate Conception Sealy,"[""11"", ""12"", ""13""]",,,,
1108,Immigrant Defense Project,Immigrant Defense Project,"[""55""]",,,,
1109,Immigration Legal Resource Center,Immigration Legal Resource Center,"[""55""]",,,,
1275,Impact Houston Church of Christ,Impact Houston Church of Christ,"[""13"", ""22""]",,,,
1277,India House Houston,India House Houston,"[""13"", ""31"", ""54""]",,,,
1110,Interfaith Caring Ministries,Interfaith Caring Ministries,"[""11"", ""12"", ""13"", ""61"", ""64"", ""65""]",,,,
1111,Interfaith Ministries for Greater Houston,Interfaith Ministries for Greater Houston,"[""13"", ""55"", ""63""]",,,,
1112,Interfaith of the Woodlands,Interfaith of the Woodlands,"[""11"", ""12"", ""13"", ""14"", ""24"", ""51"", ""61"", ""64""]",,,,
1113,Islamic Society of Greater Houston,Islamic Society of Greater Houston,"[""11"", ""12"", ""13""]",,,,
1274,Kailee Mills Foundation,Kailee Mills Foundation,"[""65""]",,,,
1114,Katy Christian Ministries,Katy Christian Ministries,"[""11"", ""12"", ""13"", ""14"", ""42"", ""56"", ""64""]",,,,
1115,Keturah's Haven,Keturah's Haven,"[""24""]",,,,
1447,Kids' Meals,Kids' Meals,"[""13"", ""13""]",,,,
1433,Legacy Health - Alief Bissonnet OB/GYN,Legacy Community Health,"[""31""]",,,,
1425,Legacy Health - BakerRipley,Legacy Community Health,"[""31"", ""32"", ""33""]",,,,
1440,Legacy Health - Baytown Garth,Legacy Community Health,"[""31"", ""33""]",,,,
1434,Legacy Health - Bissonnet Pediatrics,Legacy Community Health,"[""31"", ""33""]",,,,
1438,Legacy Health - Deer Park,Legacy Community Health,"[""31"", ""33""]",,,,
1430,Legacy Health - Fifth Ward Lyons,Legacy Community Health,"[""31"", ""32"", ""33""]",,,,
1437,Legacy Health - Galena Park,Legacy Community Health,"[""31"", ""32""]",,,,
1116,Legacy Health - Gulfton Dashwood,Legacy Community Health,"[""31"", ""33""]",,,,
1436,Legacy Health - Missouri City,Legacy Community Health,"[""31"", ""33""]",,,,
1426,Legacy Health - Montrose,Legacy Community Health,"[""31"", ""32"", ""33""]",,,,
1432,Legacy Health - Northline,Legacy Community Health,"[""31"", ""33""]",,,,
1429,Legacy Health - Northside Irvington,Legacy Community Health,"[""31"", ""33""]",,,,
1439,Legacy Health - San Jacinto,Legacy Community Health,"[""31"", ""33""]",,,,
1431,Legacy Health - Santa Clara,Legacy Community Health,"[""31"", ""33""]",,,,
1424,Legacy Health - Southwest,Legacy Community Health,"[""31""]",,,,
1435,Legacy Health - Stafford Fountains,Legacy Community Health,"[""31"", ""33""]",,,,
1428,Legacy Health - Third Ward,Legacy Community Health,"[""31""]",,,,
1427,Legacy Health - Wellness Bar,Legacy Community Health,"[""31""]",,,,
1117,Lifehouse Houston,Lifehouse Houston,"[""24""]",,,,
1271,Living Hope Wheelchair Association,Living Hope Wheelchair Association,"[""31""]",,,,
1118,Lonestar Legal Aid,Lonestar Legal Aid,"[""35"", ""54""]",,,,
1414,Lord of the Streets,Lord of the Streets,"[""22"", ""32""]",,,,
1397,Low Cost Pet Vax,Low Cost Pet Vax,"[""63""]",,,,
1354,M I Lewis Social Service Center,M I Lewis Social Service Center,"[""11"", ""12"", ""13"", ""61"", ""65""]",,,,
1119,Magnificat Houses,Magnificat Houses,"[""13"", ""21"", ""31""]",,,,
1491,Magnolia Multi-Service Center,City of Houston,"[""31"", ""32"", ""35"", ""44"", ""61""]",,,,
1120,Main Street Ministries,Main Street Ministries,"[""11"", ""12"", ""23""]",,,,
1121,Mamie George Community Center,Mamie George Community Center,"[""13""]",,,,
1122,Mary Queen Friendswood,Mary Queen Friendswood,"[""11"", ""12"", ""13""]",,,,
1272,Masonic Children & Family Services of Texas,Masonic Children & Family Services of Texas,"[""11"", ""12"", ""36"", ""43""]",,,,
1488,Maternal & Child Health Program,Harris County Public Health,"[""44""]",,,,
1123,Memorial Assistance Ministries (MAM),Memorial Assistance Ministries,"[""11"", ""12"", ""14"", ""31"", ""32"", ""33"", ""35"", ""36"", ""51"", ""64""]",,,,
1390,Mesa-Outreach Inc,Mesa-Outreach Inc,"[""13""]",,,,
1313,Mission Bells Food Pantry,Mission Bells Food Pantry,"[""13""]",,,,
1124,Mission Northeast,Mission Northeast,"[""13"", ""51"", ""52"", ""62"", ""64""]",,,,
1125,Mission of Yahweh,Mission of Yahweh,"[""21"", ""64""]",,,,
1485,Mobile Dental Unit,Harris County Public Health,"[""32"", ""32"", ""32"", ""32""]",,,,
1126,Montgomery County Women's Center,Montgomery County Women's Center,"[""41""]",,,,
1278,Montrose Grace Place,Montrose Grace Place,"[""22""]",,,,
1279,Moving Waters Ecclesia,Moving Waters Ecclesia,"[""23""]",,,,
1280,Moving Waters Emergency Aid Coalition,Moving Waters Emergency Aid Coalition,"[""23""]",,,,
1282,Moving Waters Northwest Assistance Ministries,Moving Waters Northwest Assistance Ministries,"[""23""]",,,,
1281,Moving Waters St Joseph Catholic Church,Moving Waters St Joseph Catholic Church,"[""23""]",,,,
1127,My Brother's Keeper,My Brother's Keeper,"[""11"", ""12"", ""13"", ""43"", ""51"", ""64""]",,,,
1387,Nabor House Community - Spring Branch,Nabor House Community,"[""44""]",,,,
1388,Nabor House Community - St Thomas Presbyterian,Nabor House Community,"[""44""]",,,,
1474,National Organization for Rare Disorders (NORD),National Organization for Rare Disorders (NORD),"[""36""]",,,,
1478,NeedyMeds,NeedyMeds,"[""65""]",,,,
1128,New Hope Housing Avenue C,New Hope Housing,"[""24""]",,,,
1130,New Hope Housing Avenue J,New Hope Housing,"[""24""]",,,,
1132,New Hope Housing Berry,New Hope Housing,"[""24""]",,,,
1134,New Hope Housing Brays Crossing,New Hope Housing,"[""24""]",,,,
1136,New Hope Housing Canal,New Hope Housing,"[""24""]",,,,
1138,New Hope Housing Congress,New Hope Housing,"[""24""]",,,,
1140,New Hope Housing Dale Carnegie,New Hope Housing,"[""24""]",,,,
1142,New Hope Housing Ennis,New Hope Housing,"[""24""]",,,,
1144,New Hope Housing Gray,New Hope Housing,"[""24""]",,,,
1146,New Hope Housing Harrisburg,New Hope Housing,"[""24""]",,,,
1148,New Hope Housing Perry,New Hope Housing,"[""24""]",,,,
1151,New Hope Housing Reed,New Hope Housing,"[""24""]",,,,
1153,New Hope Housing Rittenhouse,New Hope Housing,"[""24""]",,,,
1155,New Hope Housing Sakowitz,New Hope Housing,"[""24""]",,,,
1157,New Hope Housing Savoy,New Hope Housing,"[""24""]",,,,
1129,New Life,New Life,"[""65""]",,,,
1458,Nora's Home,Nora's Home,"[""37""]",,,,
1131,North Channel Assistance Ministries,North Channel Assistance Ministries,"[""13""]",,,,
1497,Northeast Multi-Service Center,City of Houston,"[""44"", ""61""]",,,,
1261,Northvale Village (RHF),Northvale Village (RHF),"[""24""]",,,,
1133,Northwest Area Ministries,Northwest Area Ministries,"[""11"", ""12"", ""13"", ""24"", ""31"", ""33"", ""42"", ""51"", ""61""]",,,,
1135,Notre Dame Catholic Church,Notre Dame Catholic Church,"[""13""]",,,,
1507,Office of Veterans & Military Affairs,City of Houston,"[""56""]",,,,
1407,Open Door Mission,Open Door Mission,"[""34""]",,,,
1137,Our Lady of Fatima,Our Lady of Fatima,"[""13""]",,,,
1139,Our Lady of Guadalupe Baytown,Our Lady of Guadalupe Baytown,"[""13""]",,,,
1141,Our Lady of Perpetual Help (SVdP),Society of St Vincent de Paul,"[""11"", ""12"", ""13""]",,,,
1143,Our Mother of Mercy (SVdP D1),Society of St Vincent de Paul,"[""13""]",,,,
1145,PadSplit,PadSplit,"[""24""]",,,,
1147,Pasadena Community Ministries,Pasadena Community Ministries,"[""11"", ""13"", ""14""]",,,,
1467,Patient Access Network (PAN) Foundation,Patient Access Network (PAN) Foundation,"[""36""]",,,,
1466,Patient Advocate Foundation,Patient Advocate Foundation,"[""35"", ""36""]",,,,
1514,PetSet,PetSet,"[""63""]",,,,
1476,Pink Fund,Pink Fund,"[""36""]",,,,
1358,POZ Impact Mobile Mechanic,POZ Impact Mobile Mechanic,"[""65""]",,,,
1149,Presbyterian Children's Homes and Services,Presbyterian Children's Homes and Services,"[""24""]",,,,
1150,Prince of Peace,Prince of Peace,"[""11"", ""12"", ""13""]",,,,
1152,Project One Day,Project One Day,"[""44""]",,,,
1154,Queen of Peace LaMarque,Queen of Peace LaMarque,"[""11"", ""12"", ""13""]",,,,
1402,Rainbow of Love,Rainbow of Love,"[""21""]",,,,
1156,Refugee & Immigrant Center for Education and Legal Services (RAICES),Refugee & Immigrant Center for Education and Legal Services (RAICES),"[""55""]",,,,
1270,Rehabilitation Services Volunteer Project (RSVP),Rehabilitation Services Volunteer Project (RSVP),"[""31""]",,,,
1158,Rejoice Counseling Apostolate,Rejoice Counseling Apostolate,"[""33""]",,,,
1159,Resource & Crisis Center of Galveston County Inc.,Resource & Crisis Center of Galveston County Inc.,"[""41""]",,,,
1160,Riceville Mt Olive Baptist Church,Riceville Mt Olive Baptist Church,"[""11"", ""12"", ""13"", ""14"", ""64""]",,,,
1453,Ronald McDonald House - Amschwand House,Ronald McDonald House,"[""37""]",,,,
1451,Ronald McDonald House - Children's Memorial Hermann Hospital,Ronald McDonald House,"[""37""]",,,,
1450,Ronald McDonald House - Holcombe,Ronald McDonald House,"[""37""]",,,,
1452,Ronald McDonald House - M.D. Anderson Children's Cancer Hospital,Ronald McDonald House,"[""37""]",,,,
1449,Ronald McDonald House - Texas Children's Hospital,Ronald McDonald House,"[""37""]",,,,
1161,Sacred Heart (SVdP D6) Conroe,Society of St Vincent de Paul,"[""11"", ""12"", ""13"", ""14""]",,,,
1162,Sacred Heart Co-Cathedral,Sacred Heart Co-Cathedral,"[""13""]",,,,
1163,Sacred Heart Crosby (SVdP D5),Society of St Vincent de Paul,"[""11"", ""12"", ""13""]",,,,
1164,Sacred Heart of Jesus/Manvel,Sacred Heart of Jesus/Manvel,"[""13""]",,,,
1262,Sagetree Terrace (RHF),Sagetree Terrace (RHF),"[""24""]",,,,
1315,"Salute, Inc.","Salute, Inc.","[""11"", ""12"", ""65""]",,,,
1403,Salvation Army - Jones Residence,Salvation Army of Greater Houston,"[""21""]",,,,
1404,Salvation Army - Wayne Bergstrom Center of Hope,Salvation Army of Greater Houston,"[""21""]",,,,
1413,Salvation Army - Young Adult Resource Center,Salvation Army of Greater Houston,"[""22""]",,,,
1165,Salvation Army of Greater Houston,Salvation Army of Greater Houston,"[""11"", ""13"", ""64""]",,,,
1166,San Jose Clinic,San Jose Clinic,"[""31"", ""32""]",,,,
1167,Santa Maria - Bonita House,Santa Maria,"[""34""]",,,,
1409,Santa Maria - Women's Recovery,Santa Maria,"[""34""]",,,,
1410,Sarah's House,Sarah's House,"[""21""]",,,,
1168,Search Homeless Services,Search Homeless Services,"[""24""]",,,,
1169,Second Mile,Second Mile,"[""13"", ""51""]",,,,
1339,SERJobs Houston,SERJobs Houston,"[""52""]",,,,
1487,Sheldon Health Hub,Harris County Public Health,"[""31"", ""33"", ""55""]",,,,
1170,Sheltering Arms & Neighborhood Center Emergency Assistance Program,Sheltering Arms & Neighborhood Center Emergency Assistance Program,"[""12""]",,,,
1171,Shrine of the True Cross (SVdP) Missouri City,Society of St Vincent de Paul,"[""11"", ""12"", ""13""]",,,,
1172,Small Steps Nurturing Center,Small Steps Nurturing Center,"[""44"", ""44""]",,,,
1173,Society of St Stephen,Society of St Stephen,"[""11"", ""12"", ""13"", ""14"", ""64""]",,,,
1174,South Texas College of Law Houston,South Texas College of Law Houston,"[""55""]",,,,
1175,Southeast Area Ministries,Southeast Area Ministries,"[""12"", ""13""]",,,,
1482,Southeast Clinic,Harris County Public Health,"[""31"", ""32"", ""33"", ""55""]",,,,
1498,Southwest Multi-Service Center,City of Houston,"[""35"", ""44""]",,,,
1176,Springwoods UMC,Springwoods UMC,"[""13""]",,,,
1177,St Albert of Trapani (SVdP D3),Society of St Vincent de Paul,"[""11"", ""12"", ""13""]",,,,
1178,St Ambrose (SVdP D4),Society of St Vincent de Paul,"[""11"", ""12""]",,,,
1179,St Andrew (SVdP D5) Channelview,Society of St Vincent de Paul,"[""11"", ""12"", ""13""]",,,,
1180,St Angela Merici (SVdP D2),Society of St Vincent de Paul,"[""11"", ""12""]",,,,
1181,St Anne (SVdP),Society of St Vincent de Paul,"[""11"", ""12""]",,,,
1182,St Anne de Beaupre (SVdP D1),Society of St Vincent de Paul,"[""13""]",,,,
1183,St Anne Tomball (SVdP D6),Society of St Vincent de Paul,"[""11"", ""12"", ""13""]",,,,
1184,St Anthony Bread,St Anthony Bread,"[""13""]",,,,
1185,St Anthony of Padua (SVdP D6) The Woodlands,Society of St Vincent de Paul,"[""11"", ""12"", ""13""]",,,,
1186,St Bartholomew (SVdP D4) Katy,Society of St Vincent de Paul,"[""11"", ""12"", ""13""]",,,,
1187,St Bernadette Clear Lake,St Bernadette Clear Lake,"[""12"", ""13"", ""14"", ""64""]",,,,
1188,St Catherine of Sienna,St Catherine of Sienna,"[""13"", ""14""]",,,,
1189,St Cecilia (SVdP D4),Society of St Vincent de Paul,"[""11"", ""12""]",,,,
1190,St Charles Borromeo (SVdP D1),Society of St Vincent de Paul,"[""11"", ""12"", ""13""]",,,,
1191,St Clare of Assisi (Christ in Action),St Clare of Assisi (Christ in Action),"[""11"", ""12""]",,,,
1192,St Edward Spring,St Edward Spring,"[""11"", ""12""]",,,,
1193,St Elizabeth Ann Seton (SVdP D4),Society of St Vincent de Paul,"[""11"", ""12"", ""13""]",,,,
1194,St Francis Cabrini,St Francis Cabrini,"[""13""]",,,,
1195,St Francis de Sales (SVdP D3),Society of St Vincent de Paul,"[""11"", ""12""]",,,,
1196,St Francis of Assisi,St Francis of Assisi,"[""13""]",,,,
1197,St Francis Xavier (SVdP D3),Society of St Vincent de Paul,"[""13""]",,,,
1198,St Helen (SVdP D7) Pearland,Society of St Vincent de Paul,"[""12"", ""13""]",,,,
1199,St Hyacinth (SVdP D5) Deer Park,Society of St Vincent de Paul,"[""11"", ""12""]",,,,
1200,St James Spring,St James Spring,"[""11"", ""12""]",,,,
1201,St Jerome (SVdP),Society of St Vincent de Paul,"[""11"", ""12""]",,,,
1202,St John of the Cross New Caney,St John of the Cross New Caney,"[""13""]",,,,
1203,St John the Baptist Alvin,St John the Baptist Alvin,"[""11"", ""12""]",,,,
1204,St John Vianney,St John Vianney,"[""12""]",,,,
1206,St Joseph (SVdP D6) New Waverly,Society of St Vincent de Paul,"[""11"", ""12"", ""13""]",,,,
1207,St Joseph Brazoria,St Joseph Brazoria,"[""13""]",,,,
1205,St Joseph Catholic Church,St Joseph Catholic Church,"[""11"", ""12"", ""13"", ""14"", ""23""]",,,,
1208,St Joseph the Worker Dayton,St Joseph the Worker Dayton,"[""13""]",,,,
1209,St Justin Martyr,St Justin Martyr,"[""13""]",,,,
1210,St Katherine of Drexel Hempstead,St Katherine of Drexel Hempstead,"[""11"", ""12"", ""13"", ""14""]",,,,
1211,St Luke the Evangelist,St Luke the Evangelist,"[""13""]",,,,
1212,St Martha (SVdP D1) Kingwood,Society of St Vincent de Paul,"[""11"", ""12""]",,,,
1213,St Martin de Porres (SVdP D5),Society of St Vincent de Paul,"[""11"", ""12""]",,,,
1214,St Mary Magdalene Humble,St Mary Magdalene Humble,"[""13""]",,,,
1215,St Mary of the Expectation,St Mary of the Expectation,"[""13""]",,,,
1216,St Mary of the Purification (SVdP D3),Society of St Vincent de Paul,"[""11"", ""12""]",,,,
1217,St Mary's (SVdP D5) La Porte,Society of St Vincent de Paul,"[""11"", ""12"", ""14""]",,,,
1218,St Mary's (SVdP D6) Plantersville,Society of St Vincent de Paul,"[""11"", ""12"", ""13""]",,,,
1219,St Mary's Texas City (SVdP D7),Society of St Vincent de Paul,"[""13""]",,,,
1220,St Matthew the Evangelist,St Matthew the Evangelist,"[""13""]",,,,
1221,St Matthias (SVdP D6) Magnolia,Society of St Vincent de Paul,"[""11"", ""12"", ""13"", ""32"", ""36""]",,,,
1222,St Michael the Archangel (SVdP D2) Needville,Society of St Vincent de Paul,"[""11"", ""12""]",,,,
1223,St Michael the Archangel (SVdP D3),Society of St Vincent de Paul,"[""11"", ""12""]",,,,
1224,St Michael the Archangel (SVdP D7) Lake Jackson,Society of St Vincent de Paul,"[""11"", ""12"", ""13""]",,,,
1225,St Monica (SVdP D1),Society of St Vincent de Paul,"[""13""]",,,,
1226,St Patrick (SVdP),Society of St Vincent de Paul,"[""11"", ""12""]",,,,
1227,St Paul the Apostle (SVdP D7),Society of St Vincent de Paul,"[""11"", ""12"", ""13""]",,,,
1228,St Peter & Paul Bellville,St Peter & Paul Bellville,"[""13""]",,,,
1229,St Philip Neri (SVdP D3),Society of St Vincent de Paul,"[""13"", ""14""]",,,,
1230,St Philip the Apostle,St Philip the Apostle,"[""11"", ""12""]",,,,
1231,St Pius Pasadena,St Pius Pasadena,"[""13""]",,,,
1232,St Rose of Lima (SVdP D1),Society of St Vincent de Paul,"[""11"", ""12"", ""13""]",,,,
1233,St Theresa (SVdP D2) Sugar Land,Society of St Vincent de Paul,"[""11"", ""12"", ""13""]",,,,
1234,St Thomas Aquinas (SVdP D2),Society of St Vincent de Paul,"[""11"", ""12""]",,,,
1235,St Thomas More (SVdP D3),Society of St Vincent de Paul,"[""11"", ""12"", ""13""]",,,,
1389,St Thomas Presbyterian Church,St Thomas Presbyterian Church,"[""13""]",,,,
1236,St Thomas the Apostle (SVdP D6) Huntsville,Society of St Vincent de Paul,"[""11"", ""13""]",,,,
1237,St Vincent de Paul (SVdP D3),Society of St Vincent de Paul,"[""11"", ""12"", ""36"", ""53""]",,,,
1355,St Vincent's House,St Vincent's House,"[""11"", ""12"", ""13"", ""31"", ""32"", ""32"", ""33"", ""53""]",,,,
1406,Star of Hope - Cornerstone Community,Star of Hope Mission,"[""21"", ""52""]",,,,
1405,Star of Hope - Doris and Carloss Morris,Star of Hope Mission,"[""21""]",,,,
1239,Sts Simon & Jude (SVdP D6) The Woodlands,Society of St Vincent de Paul,"[""11"", ""12"", ""13""]",,,,
1499,Sunnyside Health and Multi-Service Center,City of Houston,"[""31"", ""32"", ""35"", ""44"", ""61""]",,,,
1240,Tahirih Justice Center,Tahirih Justice Center,"[""55""]",,,,
1401,Target Hunger,Target Hunger,"[""13"", ""35""]",,,,
1464,Texas Defender Service,Texas Defender Service,"[""54""]",,,,
1241,Texas Health & Human Services,Texas Health & Human Services,"[""35""]",,,,
1455,Texas Legal Services Center,Texas Legal Services Center,"[""54""]",,,,
1512,Texas National Guard Family Support Foundation,Texas National Guard Family Support Foundation,"[""56""]",,,,
1242,Texas Rio Grande Legal Aid,Texas Rio Grande Legal Aid,"[""55""]",,,,
1243,Texas Temporary Assistance for Needy Families (TANF),Texas Temporary Assistance for Needy Families (TANF),"[""11""]",,,,
1504,Texas Veterans Commission,Texas Veterans Commission,"[""56""]",,,,
1470,The Assistance Fund (TAF),The Assistance Fund (TAF),"[""36""]",,,,
1459,The Ballard House,The Ballard House,"[""37""]",,,,
1244,The Beacon,The Beacon,"[""22"", ""54""]",,,,
1245,The Bridge Over Troubled Waters,The Bridge Over Troubled Waters,"[""41"", ""42""]",,,,
1246,The Council on Recovery,The Council on Recovery,"[""34""]",,,,
1267,The Houston Alumni and Youth Center (HAY),The Houston Alumni and Youth Center (HAY),"[""24""]",,,,
1479,The Lamp Project,The Lamp Project,"[""11"", ""12"", ""23"", ""35""]",,,,
1502,The Landing,The Landing,"[""65""]",,,,
1265,The Lighthouse of Houston,The Lighthouse of Houston,"[""24"", ""32"", ""52""]",,,,
1263,The Women's Home,The Women's Home,"[""24""]",,,,
1500,Third Ward Multi-Service Center,City of Houston,"[""13""]",,,,
1247,Tomball Emergency Asst Ministry,Tomball Emergency Asst Ministry,"[""11"", ""12"", ""13"", ""14"", ""36"", ""51"", ""52"", ""64"", ""65""]",,,,
1248,Trinity Lutheran,Trinity Lutheran,"[""11"", ""12"", ""13""]",,,,
1340,UH Health Family Care Center,UH Health Family Care Center,"[""31""]",,,,
1249,United Way of Greater Houston,United Way of Greater Houston,"[""65""]",,,,
1250,University of Houston Law Center Immigration Clinic,University of Houston Law Center Immigration Clinic,"[""55""]",,,,
1511,USA Cares,USA Cares,"[""56""]",,,,
1416,VA Community Resource & Referral Center,VA Community Resource & Referral Center,"[""22""]",,,,
1382,Waller Assistance & Restoration Ministries (WARM),Waller Assistance & Restoration Ministries,"[""11"", ""12"", ""13"", ""14"", ""35"", ""36""]",,,,
1251,Wellsprings Village Inc.,Wellsprings Village Inc.,"[""24""]",,,,
1252,Wesley Community Center,Wesley Community Center,"[""11"", ""12"", ""13"", ""35"", ""44"", ""44"", ""61""]",,,,
1501,West End Multi-Service Center,City of Houston,"[""44""]",,,,
1253,West Houston Assistance Ministries (WHAM),West Houston Assistance Ministries (WHAM),"[""11"", ""12"", ""13"", ""13"", ""14"", ""35"", ""44"", ""51"", ""52"", ""54"", ""64""]",,,,
1254,Wheeler Avenue Baptist Church,Wheeler Avenue Baptist Church,"[""11"", ""12""]",,,,
1255,Windsor Village Social Services,Windsor Village Social Services,"[""11"", ""12"", ""13""]",,,,
1391,WorkFaith - Main Campus,WorkFaith,"[""52""]",,,,
1392,WorkFaith - Satellite Campus,WorkFaith,"[""52""]",,,,
1256,Workforce Solutions,Workforce Solutions,"[""44"", ""52""]",,,,
1257,YMCA International Services,YMCA International Services,"[""55""]",,,,